Image Name,Bad Bounding Box Number
cate10-00115,14
cate10-00114,29
cate10-00114,30
cate10-00114,31
cate10-00114,32
cate10-00112,22
cate10-00112,23
cate10-00111,23
cate10-00110,30
cate10-00109,31
cate10-00109,32
cate10-00109,33
cate10-00108,31
cate10-00108,32
cate10-00108,33
cate10-00108,34
cate10-00108,35
cate10-00108,36
cate10-00107,22
cate10-00107,23
cate10-00106,31
cate10-00106,32
cate10-00106,33
cate10-00106,34
cate10-00106,35
cate10-00105,32
cate10-00105,33
cate10-00104,15
cate10-00103,29
cate10-00103,30
cate10-00098,31
cate10-00097,20
cate10-00096,31
cate10-00096,32
cate10-00096,33
cate10-00095,29
cate10-00095,30
cate10-00094,18
cate10-00090,31
cate10-00089,32
cate10-00088,32
cate10-00087,27
cate10-00087,28
cate10-00086,31
cate10-00086,32
cate10-00086,33
cate10-00085,9
cate10-00084,31
cate10-00084,32
cate10-00084,33
cate10-00082,29
cate10-00082,30
cate10-00081,15
cate10-00081,16
cate10-00081,17
cate10-00080,27
cate10-00080,28
cate10-00080,29
cate10-00080,30
cate10-00080,31
cate10-00080,32
cate10-00080,33
cate10-00080,34
cate10-00080,35
cate10-00079,26
cate10-00077,30
cate10-00077,31
cate10-00077,32
cate10-00076,31
cate10-00076,32
cate10-00073,31
cate10-00073,32
cate10-00073,33
cate10-00073,34
cate10-00071,16
cate10-00071,18
cate10-00070,28
cate10-00070,29
cate10-00070,30
cate10-00070,31
cate10-00069,29
cate10-00068,28
cate10-00067,13
cate10-00066,7
cate10-00066,8
cate10-00065,8
cate10-00064,31
cate10-00063,27
cate10-00063,28
cate10-00063,29
cate10-00062,20
cate10-00062,21
cate10-00060,29
cate10-00059,29
cate10-00059,30
cate10-00058,29
cate10-00057,32
cate10-00057,33
cate10-00057,34
cate10-00054,17
cate10-00054,18
cate10-00054,19
cate10-00050,22
cate10-00049,23
cate10-00045,31
cate10-00043,28
cate10-00043,29
cate10-00043,30
cate10-00041,32
cate10-00041,33
cate10-00041,34
cate10-00041,35
cate10-00040,32
cate10-00040,33
cate10-00038,28
cate10-00038,29
cate10-00038,30
cate10-00038,31
cate10-00038,32
cate10-00038,33
cate10-00038,34
cate10-00037,31
cate10-00037,32
cate10-00037,33
cate10-00036,30
cate10-00036,31
cate10-00034,20
cate10-00034,21
cate10-00033,11
cate10-00030,11
cate10-00030,12
cate10-00029,30
cate10-00029,31
cate10-00028,2
cate10-00025,31
cate10-00025,32
cate10-00025,33
cate10-00023,32
cate10-00023,33
cate10-00022,32
cate10-00022,33
cate10-00022,34
cate10-00022,35
cate10-00021,15
cate10-00021,16
cate10-00021,17
cate10-00021,18
cate10-00020,31
cate10-00020,32
cate10-00020,33
cate10-00020,34
cate10-00020,35
cate10-00020,36
cate10-00019,20
cate10-00018,29
cate10-00018,30
cate10-00017,29
cate10-00017,30
cate10-00017,31
cate10-00016,32
cate10-00016,33
cate10-00016,34
cate10-00016,35
cate10-00016,36
cate10-00016,37
cate10-00016,38
cate10-00015,33
cate10-00015,34
cate10-00015,35
cate10-00015,36
cate10-00014,28
cate10-00014,29
cate10-00014,30
cate10-00014,31
cate10-00014,32
cate10-00014,33
cate10-00013,32
cate10-00013,33
cate10-00013,34
cate10-00012,29
cate10-00012,31
cate10-00012,32
cate10-00012,33
cate10-00012,34
cate10-00012,35
cate10-00011,31
cate10-00010,30
cate10-00010,31
cate10-00010,32
cate10-00010,33
cate10-00010,34
cate10-00010,35
cate10-00010,36
cate10-00009,30
cate10-00008,32
cate10-00008,33
cate10-00008,34
cate10-00008,35
cate10-00007,15
cate10-00007,17
cate10-00005,32
cate10-00005,33
cate10-00005,34
cate10-00005,35
cate10-00005,36
cate10-00005,37
cate10-00005,38
cate10-00004,27
cate10-00004,28
cate10-00004,31
cate10-00003,31
cate10-00003,32
cate9-00045,31
cate9-00045,32
cate9-00045,33
cate9-00045,34
cate9-00045,35
cate9-00043,32
cate9-00043,33
cate9-00042,32
cate9-00042,33
cate9-00042,34
cate9-00042,35
cate9-00041,31
cate9-00038,31
cate9-00038,32
cate9-00037,31
cate9-00037,32
cate9-00037,33
cate9-00036,29
cate9-00036,30
cate9-00035,29
cate9-00035,30
cate9-00033,26
cate9-00033,27
cate9-00032,29
cate9-00031,27
cate9-00030,31
cate9-00029,32
cate9-00029,33
cate9-00027,31
cate9-00027,32
cate9-00025,32
cate9-00024,31
cate9-00019,28
cate9-00018,31
cate9-00018,32
cate9-00017,31
cate9-00015,32
cate9-00015,33
cate9-00014,32
cate9-00014,33
cate9-00012,12
cate9-00012,13
cate9-00012,14
cate9-00011,32
cate9-00011,33
cate9-00010,28
cate9-00010,29
cate9-00006,29
cate9-00005,30
cate9-00005,31
cate9-00005,32
cate9-00004,26
cate9-00004,27
cate9-00003,25
cate9-00002,28
cate9-00002,32
cate8-00456,31
cate8-00456,32
cate8-00456,33
cate8-00455,32
cate8-00453,29
cate8-00453,30
cate8-00450,29
cate8-00449,11
cate8-00449,12
cate8-00448,29
cate8-00448,30
cate8-00448,31
cate8-00447,28
cate8-00446,32
cate8-00445,29
cate8-00445,30
cate8-00445,31
cate8-00445,32
cate8-00440,28
cate8-00438,25
cate8-00438,26
cate8-00438,27
cate8-00437,29
cate8-00437,30
cate8-00435,32
cate8-00435,33
cate8-00434,28
cate8-00433,30
cate8-00430,29
cate8-00429,32
cate8-00429,33
cate8-00428,27
cate8-00427,29
cate8-00426,23
cate8-00426,24
cate8-00426,25
cate8-00426,26
cate8-00426,27
cate8-00426,28
cate8-00426,29
cate8-00426,30
cate8-00426,31
cate8-00425,25
cate8-00424,31
cate8-00424,32
cate8-00417,29
cate8-00416,30
cate8-00416,31
cate8-00416,32
cate8-00414,24
cate8-00414,25
cate8-00414,26
cate8-00413,31
cate8-00411,32
cate8-00410,17
cate8-00409,30
cate8-00408,32
cate8-00408,33
cate8-00408,34
cate8-00408,35
cate8-00408,36
cate8-00408,37
cate8-00408,38
cate8-00407,32
cate8-00404,29
cate8-00404,30
cate8-00404,31
cate8-00404,32
cate8-00404,33
cate8-00403,33
cate8-00403,34
cate8-00402,31
cate8-00402,32
cate8-00402,33
cate8-00401,29
cate8-00400,32
cate8-00400,33
cate8-00400,34
cate8-00400,36
cate8-00399,30
cate8-00398,28
cate8-00398,29
cate8-00396,29
cate8-00396,30
cate8-00396,31
cate8-00394,32
cate8-00394,33
cate8-00394,34
cate8-00394,35
cate8-00392,32
cate8-00392,33
cate8-00391,32
cate8-00390,32
cate8-00388,27
cate8-00383,30
cate8-00383,31
cate8-00381,30
cate8-00379,27
cate8-00379,28
cate8-00379,29
cate8-00378,31
cate8-00377,31
cate8-00377,32
cate8-00377,33
cate8-00376,9
cate8-00376,10
cate8-00373,29
cate8-00373,30
cate8-00373,31
cate8-00372,31
cate8-00372,32
cate8-00372,33
cate8-00372,34
cate8-00372,35
cate8-00372,36
cate8-00371,29
cate8-00370,9
cate8-00365,33
cate8-00365,34
cate8-00364,22
cate8-00364,23
cate8-00364,24
cate8-00363,32
cate8-00363,33
cate8-00360,29
cate8-00359,22
cate8-00359,23
cate8-00358,29
cate8-00355,7
cate8-00352,32
cate8-00351,29
cate8-00349,26
cate8-00348,32
cate8-00346,32
cate8-00346,33
cate8-00342,29
cate8-00342,30
cate8-00342,31
cate8-00342,32
cate8-00340,28
cate8-00334,26
cate8-00332,17
cate8-00331,6
cate8-00328,27
cate8-00327,29
cate8-00327,30
cate8-00327,31
cate8-00327,32
cate8-00326,30
cate8-00326,31
cate8-00326,32
cate8-00322,32
cate8-00319,31
cate8-00318,31
cate8-00318,32
cate8-00317,29
cate8-00317,30
cate8-00317,31
cate8-00314,25
cate8-00314,27
cate8-00314,28
cate8-00314,29
cate8-00312,31
cate8-00312,32
cate8-00309,29
cate8-00308,31
cate8-00307,31
cate8-00303,24
cate8-00303,25
cate8-00303,26
cate8-00303,27
cate8-00302,29
cate8-00302,30
cate8-00301,30
cate8-00301,31
cate8-00300,29
cate8-00300,30
cate8-00300,31
cate8-00300,32
cate8-00300,33
cate8-00300,34
cate8-00300,35
cate8-00299,21
cate8-00299,23
cate8-00299,24
cate8-00294,33
cate8-00291,29
cate8-00291,30
cate8-00291,31
cate8-00290,9
cate8-00290,15
cate8-00290,18
cate8-00290,20
cate8-00290,24
cate8-00289,27
cate8-00289,30
cate8-00287,21
cate8-00287,22
cate8-00286,32
cate8-00286,33
cate8-00285,28
cate8-00285,29
cate8-00283,32
cate8-00281,29
cate8-00279,28
cate8-00276,30
cate8-00276,31
cate8-00276,32
cate8-00276,33
cate8-00275,9
cate8-00275,15
cate8-00275,18
cate8-00275,20
cate8-00274,32
cate8-00274,33
cate8-00273,29
cate8-00273,30
cate8-00273,31
cate8-00272,31
cate8-00272,32
cate8-00272,33
cate8-00272,34
cate8-00271,31
cate8-00270,32
cate8-00270,33
cate8-00268,21
cate8-00267,28
cate8-00267,29
cate8-00267,30
cate8-00267,31
cate8-00265,25
cate8-00263,15
cate8-00262,17
cate8-00262,22
cate8-00262,23
cate8-00262,24
cate8-00262,25
cate8-00262,26
cate8-00262,27
cate8-00262,28
cate8-00260,30
cate8-00254,31
cate8-00253,21
cate8-00253,29
cate8-00252,23
cate8-00252,24
cate8-00249,30
cate8-00248,20
cate8-00248,28
cate8-00247,18
cate8-00246,2
cate8-00246,6
cate8-00243,32
cate8-00241,30
cate8-00241,31
cate8-00241,32
cate8-00239,24
cate8-00239,25
cate8-00238,26
cate8-00236,21
cate8-00235,25
cate8-00234,30
cate8-00234,31
cate8-00234,32
cate8-00234,33
cate8-00232,30
cate8-00232,31
cate8-00231,28
cate8-00231,29
cate8-00231,30
cate8-00231,31
cate8-00228,18
cate8-00228,
cate8-00227,26
cate8-00227,27
cate8-00224,5
cate8-00224,7
cate8-00224,9
cate8-00224,10
cate8-00224,13
cate8-00224,15
cate8-00224,16
cate8-00222,31
cate8-00219,29
cate8-00219,30
cate8-00217,31
cate8-00217,32
cate8-00217,33
cate8-00216,32
cate8-00216,33
cate8-00216,34
cate8-00216,35
cate8-00215,31
cate8-00212,29
cate8-00212,30
cate8-00212,31
cate8-00210,30
cate8-00209,31
cate8-00209,32
cate8-00207,12
cate8-00207,13
cate8-00203,32
cate8-00198,19
cate8-00198,31
cate8-00198,32
cate8-00195,1
cate8-00195,3
cate8-00193,29
cate8-00192,28
cate8-00192,29
cate8-00192,30
cate8-00198,25
cate8-00198,26
cate8-00186,31
cate8-00186,32
cate8-00186,33
cate8-00186,34
cate8-00186,35
cate8-00185,26
cate8-00185,27
cate8-00185,28
cate8-00185,29
cate8-00184,32
cate8-00184,33
cate8-00183,4
cate8-00183,20
cate8-00182,32
cate8-00179,27
cate8-00179,28
cate8-00179,29
cate8-00178,31
cate8-00178,32
cate8-00178,33
cate8-00177,25
cate8-00176,31
cate8-00176,32
cate8-00174,15
cate8-00174,16
cate8-00174,17
cate8-00173,26
cate8-00173,27
cate8-00173,28
cate8-00172,31
cate8-00172,32
cate8-00172,33
cate8-00172,34
cate8-00169,29
cate8-00167,28
cate8-00166,30
cate8-00165,16
cate8-00165,17
cate8-00163,22
cate8-00163,23
cate8-00161,4
cate8-00161,12
cate8-00161,16
cate8-00161,17
cate8-00161,18
cate8-00161,19
cate8-00161,20
cate8-00159,24
cate8-00159,25
cate8-00158,29
cate8-00157,31
cate8-00154,29
cate8-00152,31
cate8-00151,23
cate8-00150,28
cate8-00148,8
cate8-00148,17
cate8-00147,30
cate8-00146,16
cate8-00146,26
cate8-00146,27
cate8-00144,31
cate8-00143,18
cate8-00142,12
cate8-00142,28
cate8-00142,29
cate8-00139,26
cate8-00139,27
cate8-00137,32
cate8-00137,33
cate8-00137,34
cate8-00137,35
cate8-00137,36
cate8-00137,37
cate8-00137,38
cate8-00136,26
cate8-00135,32
cate8-00135,33
cate8-00135,34
cate8-00134,21
cate8-00134,27
cate8-00134,28
cate8-00134,29
cate8-00132,18
cate8-00132,19
cate8-00132,21
cate8-00132,22
cate8-00128,32
cate8-00128,33
cate8-00128,34
cate8-00128,35
cate8-00127,27
cate8-00127,28
cate8-00125,26
cate8-00125,28
cate8-00124,28
cate8-00123,32
cate8-00122,30
cate8-00121,31
cate8-00121,32
cate8-00112,25
cate8-00112,26
cate8-00112,27
cate8-00112,28
cate8-00112,29
cate8-00111,34
cate8-00110,32
cate8-00110,33
cate8-00110,34
cate8-00109,28
cate8-00109,29
cate8-00109,30
cate8-00109,31
cate8-00109,32
cate8-00109,33
cate8-00109,34
cate8-00109,35
cate8-00105,28
cate8-00105,29
cate8-00105,30
cate8-00101,31
cate8-00101,32
cate8-00099,1
cate8-00097,30
cate8-00096,23
cate8-00094,25
cate8-00094,26
cate8-00093,29
cate8-00093,31
cate8-00093,32
cate8-00092,32
cate8-00092,33
cate8-00092,34
cate8-00092,35
cate8-00092,36
cate8-00092,37
cate8-00092,38
cate8-00090,24
cate8-00090,25
cate8-00088,26
cate8-00087,31
cate8-00086,30
cate8-00085,31
cate8-00083,24
cate8-00082,31
cate8-00080,27
cate8-00079,31
cate8-00079,32
cate8-00079,33
cate8-00079,34
cate8-00079,35
cate8-00078,31
cate8-00078,32
cate8-00077,16
cate8-00073,31
cate8-00073,32
cate8-00073,33
cate8-00070,27
cate8-00068,10
cate8-00068,14
cate8-00068,15
cate8-00067,31
cate8-00066,28
cate8-00066,29
cate8-00066,30
cate8-00064,30
cate8-00064,31
cate8-00064,32
cate8-00062,30
cate8-00062,31
cate8-00059,32
cate8-00059,33
cate8-00059,34
cate8-00057,28
cate8-00055,25
cate8-00055,26
cate8-00054,25
cate8-00053,25
cate8-00052,30
cate8-00050,27
cate8-00050,28
cate8-00048,24
cate8-00047,27
cate8-00047,29
cate8-00047,29
cate8-00046,29
cate8-00045,19
cate8-00045,22
cate8-00045,28
cate8-00045,29
cate8-00045,30
cate8-00044,30
cate8-00043,23
cate8-00042,32
cate8-00042,33
cate8-00042,34
cate8-00042,35
cate8-00042,36
cate8-00041,32
cate8-00041,33
cate8-00041,34
cate8-00040,27
cate8-00040,28
cate8-00038,29
cate8-00038,30
cate8-00037,31
cate8-00036,30
cate8-00034,32
cate8-00034,33
cate8-00033,26
cate8-00033,27
cate8-00032,32
cate8-00031,29
cate8-00030,27
cate8-00029,27
cate8-00028,9
cate8-00026,32
cate8-00026,33
cate8-00026,34
cate8-00026,35
cate8-00025,32
cate8-00025,33
cate8-00024,25
cate8-00022,32
cate8-00022,33
cate8-00021,30
cate8-00020,6
cate8-00019,32
cate8-00019,33
cate8-00019,34
cate8-00019,35
cate8-00018,31
cate8-00018,32
cate8-00018,33
cate8-00018,34
cate8-00017,30
cate8-00015,29
cate8-00015,30
cate8-00011,31
cate8-00011,32
cate8-00011,33
cate8-00011,34
cate8-00009,30
cate8-00008,28
cate8-00008,29
cate8-00008,30
cate8-00006,28
cate8-00006,29
cate8-00006,30
cate8-00006,31
cate8-00006,32
cate8-00006,33
cate8-00004,3
cate8-00003,29
cate8-00001,31
cate7-00114,26
cate7-00112,30
cate7-00111,32
cate7-00111,33
cate7-00111,34
cate7-00110,33
cate7-00110,34
cate7-00109,32
cate7-00109,33
cate7-00108,31
cate7-00108,32
cate7-00107,27
cate7-00105,29
cate7-00104,31
cate7-00103,29
cate7-00103,30
cate7-00102,25
cate7-00102,26
cate7-00101,20
cate7-00100,28
cate7-00100,30
cate7-00100,31
cate7-00100,32
cate7-00098,31
cate7-00096,29
cate7-00095,27
cate7-00094,30
cate7-00094,31
cate7-00094,32
cate7-00094,33
cate7-00093,31
cate7-00093,32
cate7-00091,25
cate7-00090,25
cate7-00089,31
cate7-00089,32
cate7-00088,31
cate7-00088,32
cate7-00087,24
cate7-00086,27
cate7-00085,29
cate7-00085,30
cate7-00084,31
cate7-00082,28
cate7-00081,23
cate7-00081,24
cate7-00081,25
cate7-00079,31
cate7-00077,29
cate7-00076,32
cate7-00074,28
cate7-00073,27
cate7-00071,30
cate7-00071,31
cate7-00071,32
cate7-00071,33
cate7-00071,34
cate7-00071,35
cate7-00071,37
cate7-00071,38
cate7-00071,40
cate7-00071,41
cate7-00071,42
cate7-00069,26
cate7-00069,27
cate7-00069,28
cate7-00069,29
cate7-00069,30
cate7-00068,29
cate7-00068,30
cate7-00067,30
cate7-00067,31
cate7-00067,32
cate7-00066,27
cate7-00060,29
cate7-00060,30
cate7-00060,31
cate7-00059,31
cate7-00057,31
cate7-00057,32
cate7-00057,33
cate7-00057,34
cate7-00055,27
cate7-00055,28
cate7-00053,23
cate7-00051,31
cate7-00049,28
cate7-00046,29
cate7-00046,30
cate7-00046,31
cate7-00045,29
cate7-00045,30
cate7-00043,28
cate7-00043,29
cate7-00043,30
cate7-00042,24
cate7-00039,29
cate7-00038,30
cate7-00038,31
cate7-00036,27
cate7-00036,28
cate7-00035,22
cate7-00035,23
cate7-00033,29
cate7-00029,25
cate7-00028,27
cate7-00028,28
cate7-00028,29
cate7-00026,25
cate7-00026,26
cate7-00026,27
cate7-00026,28
cate7-00025,26
cate7-00025,27
cate7-00024,27
cate7-00023,27
cate7-00020,29
cate7-00013,28
cate7-00012,28
cate7-00012,29
cate7-00008,29
cate7-00007,29
cate7-00007,30
cate7-00007,31
cate7-00007,32
cate7-00007,33
cate7-00005,31
cate7-00005,32
cate7-00005,33
cate7-00005,34
cate7-00004,26
cate7-00004,27
cate7-00003,31
cate7-00002,30
cate6-00170,30
cate6-00170,33
cate6-00170,39
cate6-00170,40
cate6-00170,41
cate6-00169,34
cate6-00169,35
cate6-00168,35
cate6-00168,36
cate6-00168,37
cate6-00168,38
cate6-00168,39
cate6-00167,32
cate6-00167,33
cate6-00167,34
cate6-00167,35
cate6-00167,36
cate6-00167,37
cate6-00165,18
cate6-00165,20
cate6-00165,26
cate6-00165,29
cate6-00164,40
cate6-00162,35
cate6-00162,38
cate6-00161,30
cate6-00161,32
cate6-00161,33
cate6-00159,31
cate6-00159,32
cate6-00158,34
cate6-00157,10
cate6-00156,27
cate6-00153,32
cate6-00151,28
cate6-00151,32
cate6-00150,30
cate6-00150,31
cate6-00148,40
cate6-00146,34
cate6-00145,33
cate6-00143,27
cate6-00142,33
cate6-00142,34
cate6-00141,35
cate6-00139,21
cate6-00136,29
cate6-00132,33
cate6-00132,34
cate6-00132,35
cate6-00127,30
cate6-00127,31
cate6-00127,32
cate6-00126,34
cate6-00125,34
cate6-00124,20
cate6-00122,33
cate6-00121,37
cate6-00121,39
cate6-00121,40
cate6-00120,30
cate6-00115,29
cate6-00114,24
cate6-00114,25
cate6-00111,30
cate6-00111,31
cate6-00111,33
cate6-00110,33
cate6-00110,34
cate6-00109,39
cate6-00108,33
cate6-00108,34
cate6-00108,35
cate6-00106,26
cate6-00106,29
cate6-00105,33
cate6-00105,34
cate6-00105,35
cate6-00103,18
cate6-00102,35
cate6-00101,33
cate6-00099,27
cate6-00099,37
cate6-00099,38
cate6-00098,21
cate6-00096,31
cate6-00096,33
cate6-00095,34
cate6-00092,29
cate6-00091,29
cate6-00091,30
cate6-00091,32
cate6-00091,33
cate6-00091,34
cate6-00091,35
cate6-00091,36
cate6-00090,30
cate6-00089,33
cate6-00088,34
cate6-00088,35
cate6-00088,36
cate6-00087,25
cate6-00086,38
cate6-00085,32
cate6-00085,33
cate6-00085,34
cate6-00085,35
cate6-00084,35
cate6-00084,37
cate6-00083,38
cate6-00083,40
cate6-00081,35
cate6-00079,39
cate6-00078,26
cate6-00078,27
cate6-00075,34
cate6-00074,33
cate6-00073,35
cate6-00072,27
cate6-00072,28
cate6-00071,35
cate6-00071,36
cate6-00068,34
cate6-00066,39
cate6-00066,40
cate6-00065,34
cate6-00063,35
cate6-00063,36
cate6-00062,33
cate6-00062,35
cate6-00062,36
cate6-00062,37
cate6-00061,35
cate6-00061,36
cate6-00061,37
cate6-00060,31
cate6-00057,32
cate6-00057,33
cate6-00055,34
cate6-00053,25
cate6-00053,30
cate6-00052,33
cate6-00052,34
cate6-00052,35
cate6-00051,21
cate6-00051,31
cate6-00051,33
cate6-00047,29
cate6-00047,32
cate6-00046,27
cate6-00046,30
cate6-00044,33
cate6-00042,31
cate6-00042,32
cate6-00040,24
cate6-00039,33
cate6-00039,34
cate6-00038,29
cate6-00035,22
cate6-00034,34
cate6-00034,35
cate6-00034,36
cate6-00033,32
cate6-00033,33
cate6-00032,33
cate6-00031,34
cate6-00031,35
cate6-00030,29
cate6-00028,33
cate6-00028,34
cate6-00028,35
cate6-00027,33
cate6-00026,12
cate6-00026,16
cate6-00026,17
cate6-00026,26
cate6-00024,31
cate6-00024,32
cate6-00023,31
cate6-00023,32
cate6-00023,35
cate6-00023,36
cate6-00023,37
cate6-00022,28
cate6-00021,31
cate6-00021,33
cate6-00020,33
cate6-00019,33
cate6-00019,34
cate6-00017,32
cate6-00016,24
cate6-00014,34
cate6-00013,27
cate6-00013,29
cate6-00013,30
cate6-00011,32
cate6-00011,33
cate6-00011,34
cate6-00011,35
cate6-00011,36
cate6-00008,27
cate6-00005,31
cate6-00005,34
cate6-00004,26
cate6-00004,27
cate6-00003,26
cate6-00002,29
cate6-00002,32
cate5-00120,29
cate5-00119,19
cate5-00119,24
cate5-00119,27
cate5-00116,28
cate5-00114,10
cate5-00114,12
cate5-00114,13
cate5-00112,9
cate5-00112,10
cate5-00112,11
cate5-00112,12
cate5-00112,13
cate5-00111,4
cate5-00111,8
cate5-00110,15
cate5-00108,11
cate5-00107,9
cate5-00107,10
cate5-00107,11
cate5-00107,12
cate5-00107,13
cate5-00107,14
cate5-00107,15
cate5-00107,16
cate5-00107,17
cate5-00107,18
cate5-00106,30
cate5-00105,1
cate5-00105,6
cate5-00105,15
cate5-00105,29
cate5-00104,2
cate5-00104,5
cate5-00104,7
cate5-00104,9
cate5-00104,13
cate5-00104,14
cate5-00104,16
cate5-00104,17
cate5-00104,18
cate5-00104,19
cate5-00103,5
cate5-00103,6
cate5-00103,26
cate5-00103,27
cate5-00103,28
cate5-00102,2
cate5-00102,6
cate5-00102,13
cate5-00102,14
cate5-00102,15
cate5-00102,18
cate5-00102,19
cate5-00102,20
cate5-00102,21
cate5-00102,22
cate5-00101,1
cate5-00101,2
cate5-00101,3
cate5-00101,4
cate5-00101,5
cate5-00100,1
cate5-00100,2
cate5-00100,3
cate5-00100,4
cate5-00099,9
cate5-00099,28
cate5-00099,29
cate5-00098,9
cate5-00098,18
cate5-00098,28
cate5-00098,29
cate5-00098,30
cate5-00098,31
cate5-00097,1
cate5-00097,3
cate5-00097,4
cate5-00097,7
cate5-00097,14
cate5-00097,16
cate5-00097,18
cate5-00097,19
cate5-00097,20
cate5-00096,25
cate5-00095,3
cate5-00095,4
cate5-00095,21
cate5-00095,22
cate5-00095,23
cate5-00095,26
cate5-00094,17
cate5-00094,18
cate5-00094,23
cate5-00094,24
cate5-00094,25
cate5-00094,26
cate5-00094,27
cate5-00094,28
cate5-00094,29
cate5-00093,6
cate5-00093,12
cate5-00092,22
cate5-00090,13
cate5-00090,21
cate5-00090,22
cate5-00089,25
cate5-00089,26
cate5-00089,27
cate5-00089,28
cate5-00089,29
cate5-00088,14
cate5-00084,25
cate5-00083,7
cate5-00083,8
cate5-00083,9
cate5-00083,10
cate5-00082,18
cate5-00082,19
cate5-00079,23
cate5-00077,21
cate5-00077,23
cate5-00077,24
cate5-00077,25
cate5-00076,28
cate5-00075,22
cate5-00074,10
cate5-00072,20
cate5-00071,21
cate5-00071,22
cate5-00071,23
cate5-00071,24
cate5-00071,25
cate5-00071,26
cate5-00069,22
cate5-00069,26
cate5-00068,29
cate5-00067,28
cate5-00066,19
cate5-00066,20
cate5-00066,21
cate5-00065,13
cate5-00065,16
cate5-00064,29
cate5-00063,17
cate5-00062,8
cate5-00062,21
cate5-00062,23
cate5-00061,20
cate5-00061,23
cate5-00061,25
cate5-00061,26
cate5-00057,19
cate5-00056,19
cate5-00056,21
cate5-00056,23
cate5-00056,24
cate5-00055,8
cate5-00054,17
cate5-00054,18
cate5-00052,20
cate5-00052,21
cate5-00052,22
cate5-00051,28
cate5-00050,28
cate5-00050,29
cate5-00049,8
cate5-00049,23
cate5-00049,27
cate5-00047,23
cate5-00047,24
cate5-00045,29
cate5-00045,30
cate5-00044,17
cate5-00044,24
cate5-00044,25
cate5-00044,26
cate5-00044,27
cate5-00043,25
cate5-00042,20
cate5-00042,24
cate5-00040,14
cate5-00040,18
cate5-00040,25
cate5-00040,27
cate5-00040,28
cate5-00040,30
cate5-00039,30
cate5-00038,10
cate5-00038,18
cate5-00038,19
cate5-00036,21
cate5-00035,30
cate5-00033,17
cate5-00033,24
cate5-00032,15
cate5-00032,16
cate5-00031,19
cate5-00031,20
cate5-00028,12
cate5-00028,13
cate5-00026,14
cate5-00026,16
cate5-00026,17
cate5-00025,20
cate5-00025,21
cate5-00024,28
cate5-00023,15
cate5-00020,13
cate5-00020,14
cate5-00020,18
cate5-00019,14
cate5-00014,20
cate5-00014,21
cate5-00014,22
cate5-00013,6
cate5-00013,7
cate5-00013,8
cate5-00012,24
cate5-00012,25
cate5-00011,18
cate5-00011,20
cate5-00007,14
cate5-00007,16
cate5-00007,17
cate5-00007,18
cate5-00005,27
cate5-00002,15
cate5-00001,5
cate5-00001,17
cate5-00001,18
cate5-00001,19
cate5-00001,20
cate5-00001,21
cate5-00001,22
cate5-00001,23
cate1-00073,33
cate1-00072,33
cate1-00072,34
cate1-00072,35
cate1-00070,33
cate1-00069,33
cate1-00069,34
cate1-00069,35
cate1-00068,33
cate1-00068,34
cate1-00067,33
cate1-00067,34
cate1-00067,35
cate1-00066,33
cate1-00066,34
cate1-00065,33
cate1-00065,34
cate1-00064,33
cate1-00064,34
cate1-00063,33
cate1-00061,33
cate1-00061,34
cate1-00061,35
cate1-00061,36
cate1-00060,33
cate1-00060,34
cate1-00060,35
cate1-00059,33
cate1-00059,34
cate1-00058,33
cate1-00058,34
cate1-00054,33
cate1-00053,33
cate1-00052,33
cate1-00052,34
cate1-00052,35
cate1-00050,33
cate1-00050,34
cate1-00049,33
cate1-00049,34
cate1-00049,35
cate1-00047,32
cate1-00046,33
cate1-00046,34
cate1-00045,33
cate1-00045,34
cate1-00044,33
cate1-00043,33
cate1-00043,34
cate1-00042,33
cate1-00042,34
cate1-00041,33
cate1-00041,34
cate1-00041,35
cate1-00041,36
cate1-00040,32
cate1-00040,33
cate1-00040,34
cate1-00038,33
cate1-00037,33
cate1-00036,33
cate1-00036,34
cate1-00035,33
cate1-00035,34
cate1-00035,35
cate1-00034,33
cate1-00034,34
cate1-00033,32
cate1-00031,33
cate1-00030,33
cate1-00030,34
cate1-00030,35
cate1-00030,36
cate1-00029,33
cate1-00029,34
cate1-00029,35
cate1-00027,33
cate1-00027,34
cate1-00027,35
cate1-00027,36
cate1-00026,33
cate1-00025,33
cate1-00025,34
cate1-00025,35
cate1-00021,33
cate1-00019,33
cate1-00017,33
cate1-00016,33
cate1-00014,33
cate1-00014,34
cate1-00011,33
cate1-00008,33
cate1-00007,33
cate1-00007,34
cate1-00007,35
cate1-00005,33
cate1-00005,34
cate1-00005,35
cate1-00005,36
cate1-00004,33
cate1-00004,34
cate1-00004,35
cate1-00002,33
1.2.840.114257.3.6.84768619184031860458625950197626244305922,22
1.2.840.114257.3.6.71221029088579030458630080013164684247582,33
1.2.840.114257.3.6.60998761856357490458517002171824371344346,15
1.2.840.114257.3.6.54874306880155230458603548133223789242960,3
1.2.840.114257.3.6.54874306880155230458603548133223789242960,5
1.2.840.114257.3.6.54874306880155230458603548133223789242960,10
1.2.840.114257.3.6.54874306880155230458603548133223789242960,11
1.2.840.114257.3.6.54874306880155230458603548133223789242960,12
1.2.840.114257.3.6.54874306880155230458603548133223789242960,13
1.2.840.114257.3.6.93157014288182290458509989182200818954741,16
1.2.840.114257.3.6.93157014288182290458509989182200818954741,29
1.2.840.114257.3.6.60637940000429880458524765232512488546338,30
1.2.840.114257.3.6.70277165376443130458754802187922042514473,8
1.2.840.114257.3.6.70277165376443130458754802187922042514473,17
1.2.840.114257.3.6.70277165376443130458754802187922042514473,18
1.2.840.114257.3.6.56340661312407590458501148050001915616742,24
1.2.840.114257.3.6.61181452880433730458520775026120151831835,2
1.2.840.114257.3.6.61181452880433730458520775026120151831835,4
1.2.840.114257.3.6.61181452880433730458520775026120151831835,8
1.2.840.114257.3.6.61181452880433730458520775026120151831835,14
1.2.840.114257.3.6.61181452880433730458520775026120151831835,19
1.2.840.114257.3.6.61181452880433730458520775026120151831835,23
1.2.840.114257.3.6.61181452880433730458520775026120151831835,24
1.2.840.114257.3.6.61181452880433730458520775026120151831835,28
1.2.840.114257.3.6.61181452880433730458520775026120151831835,29
1.2.840.114257.3.6.61181452880433730458520775026120151831835,30
1.2.840.114257.3.6.70951648672255530458649796172391073928132,32
1.2.840.114257.3.6.63258241648295270458522035358756009219002,33
1.2.840.114257.3.6.42490418288330960458455183117571059330859,2
1.2.840.114257.3.6.42490418288330960458455183117571059330859,4
1.2.840.114257.3.6.42490418288330960458455183117571059330859,8
1.2.840.114257.3.6.42490418288330960458455183117571059330859,11
1.2.840.114257.3.6.42490418288330960458455183117571059330859,16
1.2.840.114257.3.6.42490418288330960458455183117571059330859,17
1.2.840.114257.3.6.42490418288330960458455183117571059330859,18
1.2.840.114257.3.6.42490418288330960458455183117571059330859,23
1.2.840.114257.3.6.42490418288330960458455183117571059330859,24
1.2.840.114257.3.6.42490418288330960458455183117571059330859,25
1.2.840.114257.3.6.42490418288330960458455183117571059330859,28
1.2.840.114257.3.6.91989618240388010458530989000054608523656,32
1.2.840.114257.3.6.72170011072434200458533469042586426442490,8
1.2.840.114257.3.6.80658321232590570458531558003203393618416,31
1.2.840.114257.3.6.80658321232590570458531558003203393618416,32
1.2.840.114257.3.6.54975250720378530458712062142964887503973,3
1.2.840.114257.3.6.54975250720378530458712062142964887503973,4
1.2.840.114257.3.6.92607346000492200458419269165574079829563,12
1.2.840.114257.3.6.92607346000492200458419269165574079829563,14
1.2.840.114257.3.6.92607346000492200458419269165574079829563,19
1.2.840.114257.3.6.92607346000492200458419269165574079829563,24
1.2.840.114257.3.6.92607346000492200458419269165574079829563,25
1.2.840.114257.3.6.92607346000492200458419269165574079829563,26
1.2.840.114257.3.6.92607346000492200458419269165574079829563,29
1.2.840.114257.3.6.92607346000492200458419269165574079829563,30
1.2.840.114257.3.6.92607346000492200458419269165574079829563,32
1.2.840.114257.3.6.92607346000492200458419269165574079829563,33
1.2.840.114257.3.6.82693408544137470458757053012566442229729,24
1.2.840.114257.3.6.82693408544137470458757053012566442229729,30
1.2.840.114257.3.6.63830924832034690458717727000253308844405,14
1.2.840.114257.3.6.63830924832034690458717727000253308844405,16
1.2.840.114257.3.6.63830924832034690458717727000253308844405,22
1.2.840.114257.3.6.83163746160222500458521851223900540902168,28
1.2.840.114257.3.6.83163746160222500458521851223900540902168,29
1.2.840.114257.3.6.83163746160222500458521851223900540902168,30
1.2.840.114257.3.6.83163746160222500458521851223900540902168,32
1.2.840.114257.3.6.93167353632530920458518070175373913210175,18
1.2.840.114257.3.6.93167353632530920458518070175373913210175,19
1.2.840.114257.3.6.93167353632530920458518070175373913210175,20
1.2.840.114257.3.6.84627049632624760458412419000123505213186,24
1.2.840.114257.3.6.44808859760173120458714818273095832915242,27
1.2.840.114257.3.6.61319807408514550458123894168841475423855,1
1.2.840.114257.3.6.61319807408514550458123894168841475423855,5
1.2.840.114257.3.6.61319807408514550458123894168841475423855,7
1.2.840.114257.3.6.61319807408514550458123894168841475423855,8
1.2.840.114257.3.6.61319807408514550458123894168841475423855,9
1.2.840.114257.3.6.83218223984412390458761049241843734601638,27
1.2.840.114257.3.6.51030023216322340458722661093713009721231,18
1.2.840.114257.3.6.51030023216322340458722661093713009721231,25
1.2.840.114257.3.6.84468641280555100458647454120680770836086,31
1.2.840.114257.3.6.84468641280555100458647454120680770836086,33
1.2.840.114257.3.6.36147926752429620458440679584060933818910,19
1.2.840.114257.3.6.36147926752429620458440679584060933818910,24
1.2.840.114257.3.6.36147926752429620458440679584060933818910,28
1.2.840.114257.3.6.46456820864484300458532076173522970615131,19
1.2.840.114257.3.6.46456820864484300458532076173522970615131,21
1.2.840.114257.3.6.46456820864484300458532076173522970615131,26
1.2.840.114257.3.6.54977105888582740458404069025782744513357,25
1.2.840.114257.3.6.42027417936062020458556639144385613761776,26
1.2.840.114257.3.6.74484955488486150458560581083293634313892,15
1.2.840.114257.3.6.74484955488486150458560581083293634313892,24
1.2.840.114257.3.6.81318514096626520458426277180675494612792,19
1.2.840.114257.3.6.65689400032237840458704679103055341052952,1
1.2.840.114257.3.6.65689400032237840458704679103055341052952,2
1.2.840.114257.3.6.65689400032237840458704679103055341052952,4
1.2.840.114257.3.6.65689400032237840458704679103055341052952,7
1.2.840.114257.3.6.65689400032237840458704679103055341052952,9
1.2.840.114257.3.6.51280449008548400458539499000570550741975,25
1.2.840.114257.3.6.64569149648465830458506681618713314016306,5
1.2.840.114257.3.6.64569149648465830458506681618713314016306,8
1.2.840.114257.3.6.51217632032411550458413605530774475848692,18
1.2.840.114257.3.6.51217632032411550458413605530774475848692,30
1.2.840.114257.3.6.72059307264572020458322997158795515212474,15
1.2.840.114257.3.6.72059307264572020458322997158795515212474,17
1.2.840.114257.3.6.72059307264572020458322997158795515212474,19
1.2.840.114257.3.6.64688448752473570458432526043504342459602,33
1.2.840.114257.3.6.71551245312262630458518301000063211222816,1
1.2.840.114257.3.6.71551245312262630458518301000063211222816,2
1.2.840.114257.3.6.71551245312262630458518301000063211222816,6
1.2.840.114257.3.6.71551245312262630458518301000063211222816,8
1.2.840.114257.3.6.71551245312262630458518301000063211222816,10
1.2.840.114257.3.6.71551245312262630458518301000063211222816,13
1.2.840.114257.3.6.71551245312262630458518301000063211222816,14
1.2.840.114257.3.6.71551245312262630458518301000063211222816,15
1.2.840.114257.3.6.71551245312262630458518301000063211222816,17
1.2.840.114257.3.6.71551245312262630458518301000063211222816,20
1.2.840.114257.3.6.63861443664298800458428850013321745101995,4
1.2.840.114257.3.6.82164515280385380458430819081984535716720,18
1.2.840.114257.3.6.82164515280385380458430819081984535716720,19
\1.2.840.114257.3.6.75283053280153640458306815028645541244574,12
1.2.840.114257.3.6.75283053280153640458306815028645541244574,19
1.2.840.114257.3.6.75283053280153640458306815028645541244574,25
1.2.840.114257.3.6.75283053280153640458306815028645541244574,26
1.2.840.114257.3.6.75283053280153640458306815028645541244574,27
1.2.840.114257.3.6.55037146400307940458701077013855939031823,14
1.2.840.114257.3.6.40063646128247610458732288000656169929113,27
1.2.840.114257.3.6.61401619056575100458564140256704859442290,27
1.2.840.114257.3.6.36271956432239700458651744003045470061825,21
1.2.840.114257.3.6.36271956432239700458651744003045470061825,26
1.2.840.114257.3.6.36430303760086580458609083068962627557972,9
1.2.840.114257.3.6.36430303760086580458609083068962627557972,10
1.2.840.114257.3.6.36430303760086580458609083068962627557972,15
1.2.840.114257.3.6.36430303760086580458609083068962627557972,20
1.2.840.114257.3.6.36430303760086580458609083068962627557972,21
1.2.840.114257.3.6.73738064096514070458414222287344856047267,10
1.2.840.114257.3.6.73738064096514070458414222287344856047267,11
1.2.840.114257.3.6.73738064096514070458414222287344856047267,12
1.2.840.114257.3.6.73738064096514070458414222287344856047267,18
1.2.840.114257.3.6.75001252176022320458722581164305978525954,9
1.2.840.114257.3.6.40288953712291060458545618331135931946316,14
1.2.840.114257.3.6.43669632784174620458556600081643306405734,11
1.2.840.114257.3.6.43669632784174620458556600081643306405734,16
1.2.840.114257.3.6.43669632784174620458556600081643306405734,18
1.2.840.114257.3.6.43669632784174620458556600081643306405734,23
1.2.840.114257.3.6.43669632784174620458556600081643306405734,24
1.2.840.114257.3.6.43669632784174620458556600081643306405734,28
1.2.840.114257.3.6.43669632784174620458556600081643306405734,31
1.2.840.114257.3.6.85654239568181110458620385119023101228330,6
1.2.840.114257.3.6.85654239568181110458620385119023101228330,13
1.2.840.114257.3.6.85654239568181110458620385119023101228330,14
1.2.840.114257.3.6.85654239568181110458620385119023101228330,19
1.2.840.114257.3.6.41985161568347530458520987171693090423386,31
1.2.840.114257.3.6.76372527856272910458528746254930370824763,28
1.2.840.114257.3.6.76372527856272910458528746254930370824763,30
1.2.840.114257.3.6.50608200864157200458613731265155683142209,14
1.2.840.114257.3.6.50608200864157200458613731265155683142209,16
1.2.840.114257.3.6.50608200864157200458613731265155683142209,17
1.2.840.114257.3.6.50608200864157200458613731265155683142209,18
1.2.840.114257.3.6.50608200864157200458613731265155683142209,20
1.2.840.114257.3.6.50608200864157200458613731265155683142209,21
1.2.840.114257.3.6.54591841392166120458563588065042946559557,25
1.2.840.114257.3.6.63412800848149880458354289003985675162576,33
1.2.840.114257.3.6.55930214912447730458534112131295533110842,28
1.2.840.114257.3.6.44730005408126680458608532001754727118778,17
1.2.840.114257.3.6.44730005408126680458608532001754727118778,21
1.2.840.114257.3.6.36255751184025750458633734092274600253806,12
1.2.840.114257.3.6.36255751184025750458633734092274600253806,20
1.2.840.114257.3.6.36255751184025750458633734092274600253806,24
1.2.840.114257.3.6.90438843648257590458728826090481349014199,9
1.2.840.114257.3.6.90438843648257590458728826090481349014199,11
1.2.840.114257.3.6.90438843648257590458728826090481349014199,14
1.2.840.114257.3.6.90438843648257590458728826090481349014199,18
1.2.840.114257.3.6.74797215456066920458710156011943228434751,10
1.2.840.114257.3.6.74797215456066920458710156011943228434751,25
1.2.840.114257.3.6.74797215456066920458710156011943228434751,26
1.2.840.114257.3.6.50350640096653050458561096025343672918645,20
1.2.840.114257.3.6.75042165504197200458760127179354424765046,20
1.2.840.114257.3.6.75042165504197200458760127179354424765046,27
1.2.840.114257.3.6.75042165504197200458760127179354424765046,28
1.2.840.114257.3.6.94885124528251180458565483013451634404595,7
1.2.840.114257.3.6.94885124528251180458565483013451634404595,18
1.2.840.114257.3.6.74739764352289710458232784145674604634519,13
1.2.840.114257.3.6.74739764352289710458232784145674604634519,17
1.2.840.114257.3.6.40030250912285760458714787000022773715614,11
1.2.840.114257.3.6.40030250912285760458714787000022773715614,23
1.2.840.114257.3.6.40030250912285760458714787000022773715614,24
1.2.840.114257.3.6.65685225104234960458529810025613256146829,28
1.2.840.114257.3.6.50846748016512340458564788000773887629407,23
1.2.840.114257.3.6.50846748016512340458564788000773887629407,28
1.2.840.114257.3.6.62090530240385820458561554422633633657846,22
1.2.840.114257.3.6.62090530240385820458561554422633633657846,25
1.2.840.114257.3.6.55703012016526650458620813009035221061319,3
1.2.840.114257.3.6.55703012016526650458620813009035221061319,4
1.2.840.114257.3.6.84748712288131350458727818002733003114780,16
1.2.840.114257.3.6.84748712288131350458727818002733003114780,23
1.2.840.114257.3.6.84748712288131350458727818002733003114780,24
1.2.840.114257.3.6.65997157856565910458407583000830825416177,32
1.2.840.114257.3.6.65997157856565910458407583000830825416177,34
1.2.840.114257.3.6.80603965184544240458537738196404490041794,28
1.2.840.114257.3.6.95311308656507940458440552066910323812871,18
1.2.840.114257.3.6.95311308656507940458440552066910323812871,26
1.2.840.114257.3.6.86380335840204640458535425014625891405619,8
1.2.840.114257.3.6.43488656160000300458621244042611507245976,4
1.2.840.114257.3.6.43488656160000300458621244042611507245976,9
1.2.840.114257.3.6.43488656160000300458621244042611507245976,11
1.2.840.114257.3.6.43488656160000300458621244042611507245976,12
1.2.840.114257.3.6.61746848784144740458613854039654012440399,24
1.2.840.114257.3.6.41113060624540280458545043082431119509032,19
1.2.840.114257.3.6.41113060624540280458545043082431119509032,20
1.2.840.114257.3.6.41113060624540280458545043082431119509032,27
1.2.840.114257.3.6.74912630720192410458553182096494942713852,13
1.2.840.114257.3.6.72847506032272960458431928044224671706455,8
1.2.840.114257.3.6.72847506032272960458431928044224671706455,9
1.2.840.114257.3.6.72847506032272960458431928044224671706455,12
1.2.840.114257.3.6.55634731760490400458542491079724425822061,10
1.2.840.114257.3.6.66012402784137670458706740004415135862463,11
1.2.840.114257.3.6.43833557504204680458528666077275671825467,7
1.2.840.114257.3.6.43833557504204680458528666077275671825467,9
1.2.840.114257.3.6.43833557504204680458528666077275671825467,14
1.2.840.114257.3.6.43651716704217200458661428024760928505756,28
1.2.840.114257.3.6.43651716704217200458661428024760928505756,30
1.2.840.114257.3.6.92363720192389830458507671289854869604736,9
1.2.840.114257.3.6.92363720192389830458507671289854869604736,19
1.2.840.114257.3.6.92622264512554530458511479037031005858846,29
1.2.840.114257.3.6.72298062640190180458404069052425464224442,33
1.2.840.114257.3.6.72298062640190180458404069052425464224442,34
1.2.840.114257.3.6.72226927600649870458633022028604670146579,8
1.2.840.114257.3.6.72126043520586330458404530197825746152925,32
1.2.840.114257.3.6.72079341584400100458542963530655875110584,7
1.2.840.114257.3.6.72079341584400100458542963530655875110584,8
1.2.840.114257.3.6.72079341584400100458542963530655875110584,10
1.2.840.114257.3.6.72079341584400100458542963530655875110584,11
1.2.840.114257.3.6.72079341584400100458542963530655875110584,12
1.2.840.114257.3.6.72079341584400100458542963530655875110584,13
1.2.840.114257.3.6.72079341584400100458542963530655875110584,14
1.2.840.114257.3.6.72059307264572020458322997158795515212474,15
1.2.840.114257.3.6.72044820432253750458213698027830918736831,14
1.2.840.114257.3.6.72044820432253750458213698027830918736831,18
1.2.840.114257.3.6.72044820432253750458213698027830918736831,17
1.2.840.114257.3.6.72044820432253750458213698027830918736831,20
1.2.840.114257.3.6.72044820432253750458213698027830918736831,21
1.2.840.114257.3.6.72013742560140110458444725080021849031982,4
1.2.840.114257.3.6.71894627008647180458525910171265598827545,27
1.2.840.114257.3.6.71871662672248890458514279199233261321757,12
1.2.840.114257.3.6.71828938448140650458520611503534397943151,33
1.2.840.114257.3.6.71828938448140650458520611503534397943151,34
1.2.840.114257.3.6.71813840176090960458240105082784840126059,26
1.2.840.114257.3.6.71813840176090960458240105082784840126059,31
1.2.840.114257.3.6.71778140576516500458514901032052549259133,19
1.2.840.114257.3.6.71551245312262630458518301000063211222816,1
1.2.840.114257.3.6.71551245312262630458518301000063211222816,2
1.2.840.114257.3.6.71551245312262630458518301000063211222816,4
1.2.840.114257.3.6.71551245312262630458518301000063211222816,6
1.2.840.114257.3.6.71551245312262630458518301000063211222816,10
1.2.840.114257.3.6.71551245312262630458518301000063211222816,13
1.2.840.114257.3.6.71551245312262630458518301000063211222816,15
1.2.840.114257.3.6.71551245312262630458518301000063211222816,20
1.2.840.114257.3.6.71551245312262630458518301000063211222816,24
1.2.840.114257.3.6.71551245312262630458518301000063211222816,26
1.2.840.114257.3.6.71437861104541910458411714117371263932636,7
1.2.840.114257.3.6.71437861104541910458411714117371263932636,8
1.2.840.114257.3.6.71437861104541910458411714117371263932636,10
1.2.840.114257.3.6.71437861104541910458411714117371263932636,14
1.2.840.114257.3.6.71437861104541910458411714117371263932636,15
1.2.840.114257.3.6.71437861104541910458411714117371263932636,18
1.2.840.114257.3.6.71437861104541910458411714117371263932636,19
1.2.840.114257.3.6.71437861104541910458411714117371263932636,20
1.2.840.114257.3.6.71437861104541910458411714117371263932636,23
1.2.840.114257.3.6.71405703600582650458523283169185301432985,8
1.2.840.114257.3.6.71405703600582650458523283169185301432985,14
1.2.840.114257.3.6.71231211408054650458746685093266094950893,4
1.2.840.114257.3.6.71231211408054650458746685093266094950893,5
1.2.840.114257.3.6.71221029088579030458630080013164684247582,33
1.2.840.114257.3.6.71191264640264700458540453035334648122802,6
1.2.840.114257.3.6.71191264640264700458540453035334648122802,10
1.2.840.114257.3.6.71191264640264700458540453035334648122802,18
1.2.840.114257.3.6.71191264640264700458540453035334648122802,19
1.2.840.114257.3.6.71188346912228910458644069399261016017416,7
1.2.840.114257.3.6.71188346912228910458644069399261016017416,9
1.2.840.114257.3.6.71188346912228910458644069399261016017416,10
1.2.840.114257.3.6.71188346912228910458644069399261016017416,12
1.2.840.114257.3.6.71160320304104440458612070049293399329285,2
1.2.840.114257.3.6.71160320304104440458612070049293399329285,6
1.2.840.114257.3.6.70960644256261200458513134012395045902923,8
1.2.840.114257.3.6.70960644256261200458513134012395045902923,11
1.2.840.114257.3.6.70960644256261200458513134012395045902923,12
1.2.840.114257.3.6.70960644256261200458513134012395045902923,14
1.2.840.114257.3.6.70960644256261200458513134012395045902923,15
1.2.840.114257.3.6.70951648672255530458649796172391073928132,32
1.2.840.114257.3.6.70849005632431700458504141244442253119542,20
1.2.840.114257.3.6.70698738816653640458536969029213745356601,9
1.2.840.114257.3.6.70698738816653640458536969029213745356601,10
1.2.840.114257.3.6.70698738816653640458536969029213745356601,11
1.2.840.114257.3.6.70698738816653640458536969029213745356601,12
1.2.840.114257.3.6.70698738816653640458536969029213745356601,21
1.2.840.114257.3.6.70698738816653640458536969029213745356601,23
1.2.840.114257.3.6.70698738816653640458536969029213745356601,24
1.2.840.114257.3.6.70698738816653640458536969029213745356601,25
1.2.840.114257.3.6.70698738816653640458536969029213745356601,26
1.2.840.114257.3.6.70698738816653640458536969029213745356601,27
1.2.840.114257.3.6.70405927008626710458424613036784876337544,25
1.2.840.114257.3.6.70405927008626710458424613036784876337544,27
1.2.840.114257.3.6.70349744592095010458712755159260922608931,19
1.2.840.114257.3.6.70342964480116470458612015075904297410355,20
1.2.840.114257.3.6.70342964480116470458612015075904297410355,23
1.2.840.114257.3.6.70342964480116470458612015075904297410355,26
1.2.840.114257.3.6.70277165376443130458754802187922042514473,17
1.2.840.114257.3.6.70216133744050120458518428426042188130612,28
1.2.840.114257.3.6.66381525968138540458502555042020147211311,33
1.2.840.114257.3.6.66381525968138540458502555042020147211311,34
1.2.840.114257.3.6.66381525968138540458502555042020147211311,35
1.2.840.114257.3.6.66381525968138540458502555042020147211311,36
1.2.840.114257.3.6.66381525968138540458502555042020147211311,37
1.2.840.114257.3.6.66256737552014070458658497014165378953119,1
1.2.840.114257.3.6.66135545744502080458537891025101359308956,2
1.2.840.114257.3.6.66135545744502080458537891025101359308956,7
1.2.840.114257.3.6.66135545744502080458537891025101359308956,9
1.2.840.114257.3.6.66097406848440440458639745024535972302726,15
1.2.840.114257.3.6.66022258688365470458501232037731929703601,4
1.2.840.114257.3.6.66022258688365470458501232037731929703601,8
1.2.840.114257.3.6.66022258688365470458501232037731929703601,11
1.2.840.114257.3.6.66022258688365470458501232037731929703601,13
1.2.840.114257.3.6.66022258688365470458501232037731929703601,15
1.2.840.114257.3.6.66022258688365470458501232037731929703601,16
1.2.840.114257.3.6.66022258688365470458501232037731929703601,17
1.2.840.114257.3.6.66022258688365470458501232037731929703601,22
1.2.840.114257.3.6.66022258688365470458501232037731929703601,23
1.2.840.114257.3.6.66022258688365470458501232037731929703601,24
1.2.840.114257.3.6.66022258688365470458501232037731929703601,26
1.2.840.114257.3.6.66022258688365470458501232037731929703601,28
1.2.840.114257.3.6.66018551888202000458426690000396404945641,17
1.2.840.114257.3.6.66012402784137670458706740004415135862463,10
1.2.840.114257.3.6.66012402784137670458706740004415135862463,23
1.2.840.114257.3.6.65997157856565910458407583000830825416177,34
1.2.840.114257.3.6.65689400032237840458704679103055341052952,2
1.2.840.114257.3.6.65689400032237840458704679103055341052952,4
1.2.840.114257.3.6.65689400032237840458704679103055341052952,5
1.2.840.114257.3.6.65689400032237840458704679103055341052952,7
1.2.840.114257.3.6.65685225104234960458529810025613256146829,28
1.2.840.114257.3.6.65656830208001800458627787155385439626347,3
1.2.840.114257.3.6.65656830208001800458627787155385439626347,5
1.2.840.114257.3.6.65656830208001800458627787155385439626347,9
1.2.840.114257.3.6.65656830208001800458627787155385439626347,11
1.2.840.114257.3.6.65656830208001800458627787155385439626347,14
1.2.840.114257.3.6.65598052048502340458560646026800409854151,8
1.2.840.114257.3.6.65598052048502340458560646026800409854151,10
1.2.840.114257.3.6.64736748592530280458500227008903703859734,4
1.2.840.114257.3.6.64736748592530280458500227008903703859734,5
1.2.840.114257.3.6.64689334128105320458428770012301957144199,8
1.2.840.114257.3.6.64689334128105320458428770012301957144199,11
1.2.840.114257.3.6.64689334128105320458428770012301957144199,31
1.2.840.114257.3.6.64689334128105320458428770012301957144199,32
1.2.840.114257.3.6.64688448752473570458432526043504342459602,33
1.2.840.114257.3.6.64585615232640750458432772014203991730221,14
1.2.840.114257.3.6.64585615232640750458432772014203991730221,19
1.2.840.114257.3.6.64569149648465830458506681618713314016306,5
1.2.840.114257.3.6.64569149648465830458506681618713314016306,8
1.2.840.114257.3.6.64452433504550830458603726026436073713107,14
1.2.840.114257.3.6.64452433504550830458603726026436073713107,18
1.2.840.114257.3.6.64376501648052520458746246000743677015572,21
1.2.840.114257.3.6.64376501648052520458746246000743677015572,24
1.2.840.114257.3.6.64376501648052520458746246000743677015572,25
1.2.840.114257.3.6.64376501648052520458746246000743677015572,26
1.2.840.114257.3.6.64249815488540310458514855082656348715398,8
1.2.840.114257.3.6.64249815488540310458514855082656348715398,22
1.2.840.114257.3.6.64249815488540310458514855082656348715398,24
1.2.840.114257.3.6.64205235232044420458655574118314338002984,7
1.2.840.114257.3.6.64205235232044420458655574118314338002984,8
1.2.840.114257.3.6.63932412896489450458757141000060411204673,6
1.2.840.114257.3.6.63932412896489450458757141000060411204673,13
1.2.840.114257.3.6.63861443664298800458428850013321745101995,4
1.2.840.114257.3.6.63830924832034690458717727000253308844405,14
1.2.840.114257.3.6.63830924832034690458717727000253308844405,16
1.2.840.114257.3.6.63830924832034690458717727000253308844405,22
1.2.840.114257.3.6.63473930304064320458703713170731854741787,17
1.2.840.114257.3.6.63473930304064320458703713170731854741787,23
1.2.840.114257.3.6.63412800848149880458354289003985675162576,33
1.2.840.114257.3.6.63385304160304220458703149080782803907879,21
1.2.840.114257.3.6.63369458096543250458757039172782288825292,32
1.2.840.114257.3.6.63368001056379360458548604121972615505621,5
1.2.840.114257.3.6.63368001056379360458548604121972615505621,10
1.2.840.114257.3.6.63368001056379360458548604121972615505621,17
1.2.840.114257.3.6.63327733648487100458717672117885264719810,31
1.2.840.114257.3.6.63258241648295270458522035358756009219002,33
1.2.840.114257.3.6.63243309904519030458741601023275841501148,21
1.2.840.114257.3.6.63057934640143060458214643048672106316774,26
1.2.840.114257.3.6.62942910896420510458628773002913175248735,16
1.2.840.114257.3.6.62942910896420510458628773002913175248735,18
1.2.840.114257.3.6.62942910896420510458628773002913175248735,22
1.2.840.114257.3.6.62942910896420510458628773002913175248735,26
1.2.840.114257.3.6.62786644592225580458650734134335713111456,25
1.2.840.114257.3.6.62784457696209500458728189289355712117369,33
1.2.840.114257.3.6.62775436016110420458522530095905379320444,25
1.2.840.114257.3.6.62599833024082150458533164279133047902605,5
1.2.840.114257.3.6.62507538288487020458729740117353633640269,5
1.2.840.114257.3.6.62507538288487020458729740117353633640269,10
1.2.840.114257.3.6.62507538288487020458729740117353633640269,11
1.2.840.114257.3.6.62507538288487020458729740117353633640269,17
1.2.840.114257.3.6.62425730320472980458749019076306217918978,5
1.2.840.114257.3.6.62425730320472980458749019076306217918978,10
1.2.840.114257.3.6.62425730320472980458749019076306217918978,12
1.2.840.114257.3.6.62419827168455370458462461092234083828575,22
1.2.840.114257.3.6.62419827168455370458462461092234083828575,28
1.2.840.114257.3.6.62307413856233460458617720023796052908954,16
1.2.840.114257.3.6.62307413856233460458617720023796052908954,22
1.2.840.114257.3.6.62230420272322670458444424133761338721839,22
1.2.840.114257.3.6.62179226592069060458756162017460239002149,5
1.2.840.114257.3.6.62179226592069060458756162017460239002149,6
1.2.840.114257.3.6.62179226592069060458756162017460239002149,8
1.2.840.114257.3.6.62179226592069060458756162017460239002149,9
1.2.840.114257.3.6.62179226592069060458756162017460239002149,16
1.2.840.114257.3.6.62179226592069060458756162017460239002149,17
1.2.840.114257.3.6.62179226592069060458756162017460239002149,19
1.2.840.114257.3.6.62179226592069060458756162017460239002149,21
1.2.840.114257.3.6.62179226592069060458756162017460239002149,22
1.2.840.114257.3.6.62179226592069060458756162017460239002149,23
1.2.840.114257.3.6.62090530240385820458561554422633633657846,22
1.2.840.114257.3.6.61874259728416650458747990102442379434013,22
1.2.840.114257.3.6.61837757712541120458618194195695177805594,33
1.2.840.114257.3.6.61749308960604900458418297005305531233300,4
1.2.840.114257.3.6.61749308960604900458418297005305531233300,5
1.2.840.114257.3.6.61746848784144740458613854039654012440399,24
1.2.840.114257.3.6.61655211360516600458530312237602996847151,14
1.2.840.114257.3.6.61655211360516600458530312237602996847151,23
1.2.840.114257.3.6.61655211360516600458530312237602996847151,24
1.2.840.114257.3.6.61655211360516600458530312237602996847151,25
1.2.840.114257.3.6.61655211360516600458530312237602996847151,27
1.2.840.114257.3.6.61655211360516600458530312237602996847151,29
1.2.840.114257.3.6.61543405920104270458611461584576067040151,9
1.2.840.114257.3.6.61543405920104270458611461584576067040151,10
1.2.840.114257.3.6.61543405920104270458611461584576067040151,21
1.2.840.114257.3.6.61449728576463940458511467024192912741042,15
1.2.840.114257.3.6.61449728576463940458511467024192912741042,16
1.2.840.114257.3.6.61449728576463940458511467024192912741042,21
1.2.840.114257.3.6.61449728576463940458511467024192912741042,24
1.2.840.114257.3.6.61449728576463940458511467024192912741042,29
1.2.840.114257.3.6.61449728576463940458511467024192912741042,30
1.2.840.114257.3.6.61449728576463940458511467024192912741042,31
1.2.840.114257.3.6.61449728576463940458511467024192912741042,32
1.2.840.114257.3.6.61441440496207990458308150009412099932959,11
1.2.840.114257.3.6.61401619056575100458564140256704859442290,27
1.2.840.114257.3.6.61376302400208690458503545010654094046564,30
1.2.840.114257.3.6.61376302400208690458503545010654094046564,31
1.2.840.114257.3.6.61319807408514550458123894168841475423855,1
1.2.840.114257.3.6.61295420944370270458751736129393552403425,11
\1.2.840.114257.3.6.61295420944370270458751736129393552403425,12
1.2.840.114257.3.6.61181452880433730458520775026120151831835,2
1.2.840.114257.3.6.61181452880433730458520775026120151831835,4
1.2.840.114257.3.6.61181452880433730458520775026120151831835,8
1.2.840.114257.3.6.61181452880433730458520775026120151831835,14
1.2.840.114257.3.6.61181452880433730458520775026120151831835,19
1.2.840.114257.3.6.61181452880433730458520775026120151831835,23
1.2.840.114257.3.6.61181452880433730458520775026120151831835,24
1.2.840.114257.3.6.61181452880433730458520775026120151831835,28
1.2.840.114257.3.6.61181452880433730458520775026120151831835,29
1.2.840.114257.3.6.61079860656024760458727276012733916643884,14
1.2.840.114257.3.6.60998761856357490458517002171824371344346,15
1.2.840.114257.3.6.60629210240206650458518447027742619804445,1
1.2.840.114257.3.6.60629210240206650458518447027742619804445,4
1.2.840.114257.3.6.60629210240206650458518447027742619804445,7
1.2.840.114257.3.6.60629210240206650458518447027742619804445,8
1.2.840.114257.3.6.60629210240206650458518447027742619804445,9
1.2.840.114257.3.6.60537700928627160458635393009100056432164,13
1.2.840.114257.3.6.60377242912344310458713514052260519217982,26
1.2.840.114257.3.6.60377242912344310458713514052260519217982,29
1.2.840.114257.3.6.60377242912344310458713514052260519217982,30
1.2.840.114257.3.6.60376046864546330458533452021694976050353,17
1.2.840.114257.3.6.60376046864546330458533452021694976050353,21
1.2.840.114257.3.6.60376046864546330458533452021694976050353,26
1.2.840.114257.3.6.60123123760343210458551934143362794562743,31
1.2.840.114257.3.6.60109048560165050458718422008790817633480,26
1.2.840.114257.3.6.60109048560165050458718422008790817633480,28
1.2.840.114257.3.6.60016450192090400458654196240096086813323,26
1.2.840.114257.3.6.56352561360426560458608011087496512946246,folder empty
1.2.840.114257.3.6.56340661312407590458501148050001915616742,24
1.2.840.114257.3.6.56010029440446370458515230119101192727972,16
1.2.840.114257.3.6.56003816912253750458711892116131291600012,12
1.2.840.114257.3.6.56003816912253750458711892116131291600012,13
1.2.840.114257.3.6.56003816912253750458711892116131291600012,15
1.2.840.114257.3.6.56003816912253750458711892116131291600012,17
1.2.840.114257.3.6.55930214912447730458534112131295533110842,21
1.2.840.114257.3.6.55930214912447730458534112131295533110842,28
1.2.840.114257.3.6.55925447792051080458329489082233684738431,14
1.2.840.114257.3.6.55925447792051080458329489082233684738431,18
1.2.840.114257.3.6.55890255936317540458530811032843335615824,22
1.2.840.114257.3.6.55815718848529300458713026023825685718258,24
1.2.840.114257.3.6.55703012016526650458620813009035221061319,3
1.2.840.114257.3.6.55703012016526650458620813009035221061319,4
1.2.840.114257.3.6.55634731760490400458542491079724425822061,3
1.2.840.114257.3.6.55634731760490400458542491079724425822061,7
1.2.840.114257.3.6.55634731760490400458542491079724425822061,10
1.2.840.114257.3.6.55634731760490400458542491079724425822061,11
1.2.840.114257.3.6.55634731760490400458542491079724425822061,12
1.2.840.114257.3.6.55474607248463890458423585239826401934179,29
1.2.840.114257.3.6.55100314272109000458704831001842664840638,17
1.2.840.114257.3.6.55100314272109000458704831001842664840638,21
1.2.840.114257.3.6.55100314272109000458704831001842664840638,23
1.2.840.114257.3.6.55040812032474320458503813010542833712618,4
1.2.840.114257.3.6.55040812032474320458503813010542833712618,6
1.2.840.114257.3.6.55040812032474320458503813010542833712618,10
1.2.840.114257.3.6.55040812032474320458503813010542833712618,11
1.2.840.114257.3.6.55040812032474320458503813010542833712618,12
1.2.840.114257.3.6.55040812032474320458503813010542833712618,16
1.2.840.114257.3.6.55040812032474320458503813010542833712618,17
1.2.840.114257.3.6.55040812032474320458503813010542833712618,18
1.2.840.114257.3.6.55040812032474320458503813010542833712618,19
1.2.840.114257.3.6.55037146400307940458701077013855939031823,14
1.2.840.114257.3.6.54999457184550550458431856178865831205865,3
1.2.840.114257.3.6.54999457184550550458431856178865831205865,4
1.2.840.114257.3.6.54999457184550550458431856178865831205865,10
1.2.840.114257.3.6.54999457184550550458431856178865831205865,13
1.2.840.114257.3.6.54999457184550550458431856178865831205865,16
1.2.840.114257.3.6.54999457184550550458431856178865831205865,21
1.2.840.114257.3.6.54999457184550550458431856178865831205865,23
1.2.840.114257.3.6.54977105888582740458404069025782744513357,10
1.2.840.114257.3.6.54977105888582740458404069025782744513357,12
1.2.840.114257.3.6.54977105888582740458404069025782744513357,13
1.2.840.114257.3.6.54977105888582740458404069025782744513357,14
1.2.840.114257.3.6.54977105888582740458404069025782744513357,15
1.2.840.114257.3.6.54977105888582740458404069025782744513357,21
1.2.840.114257.3.6.54977105888582740458404069025782744513357,25
1.2.840.114257.3.6.54977105888582740458404069025782744513357,26
1.2.840.114257.3.6.54975250720378530458712062142964887503973,3
1.2.840.114257.3.6.54975250720378530458712062142964887503973,4
1.2.840.114257.3.6.54874306880155230458603548133223789242960,3
1.2.840.114257.3.6.54874306880155230458603548133223789242960,5
1.2.840.114257.3.6.54874306880155230458603548133223789242960,8
1.2.840.114257.3.6.54874306880155230458603548133223789242960,10
1.2.840.114257.3.6.54874306880155230458603548133223789242960,13
1.2.840.114257.3.6.54548309728416000458103187052464494022288,8
1.2.840.114257.3.6.54548309728416000458103187052464494022288,11
1.2.840.114257.3.6.54548309728416000458103187052464494022288,14
1.2.840.114257.3.6.54548309728416000458103187052464494022288,18
1.2.840.114257.3.6.54548309728416000458103187052464494022288,19
1.2.840.114257.3.6.54548309728416000458103187052464494022288,20
1.2.840.114257.3.6.54448441952478070458422642072993055035798,2
1.2.840.114257.3.6.54448441952478070458422642072993055035798,10
1.2.840.114257.3.6.54448441952478070458422642072993055035798,12
1.2.840.114257.3.6.54448441952478070458422642072993055035798,13
1.2.840.114257.3.6.54448441952478070458422642072993055035798,18
1.2.840.114257.3.6.54448441952478070458422642072993055035798,20
1.2.840.114257.3.6.54448441952478070458422642072993055035798,22
1.2.840.114257.3.6.54448441952478070458422642072993055035798,24
1.2.840.114257.3.6.54372422016503970458524790196773493220833,6
1.2.840.114257.3.6.54372422016503970458524790196773493220833,12
1.2.840.114257.3.6.54372422016503970458524790196773493220833,17
1.2.840.114257.3.6.54372422016503970458524790196773493220833,24
1.2.840.114257.3.6.54089144896455230458707971039253964042772,5
1.2.840.114257.3.6.54089144896455230458707971039253964042772,11
1.2.840.114257.3.6.54089144896455230458707971039253964042772,17
1.2.840.114257.3.6.53902108448446280458521599121773501653753,5
1.2.840.114257.3.6.53651341728368870458464821000022848505160,15
1.2.840.114257.3.6.53651341728368870458464821000022848505160,21
1.2.840.114257.3.6.53636358688534020458442324070524670743674,3
1.2.840.114257.3.6.53636358688534020458442324070524670743674,6
1.2.840.114257.3.6.53636358688534020458442324070524670743674,10
1.2.840.114257.3.6.53636358688534020458442324070524670743674,11
1.2.840.114257.3.6.53636358688534020458442324070524670743674,13
1.2.840.114257.3.6.53636358688534020458442324070524670743674,15
1.2.840.114257.3.6.53442405904579080458633166078890955836765,8
1.2.840.114257.3.6.53442405904579080458633166078890955836765,14
1.2.840.114257.3.6.53372739664334390458727215001371350529362,23
1.2.840.114257.3.6.53276948320237030458527189012005513945145,21
1.2.840.114257.3.6.53170409552171150458608250000334378031048,4
1.2.840.114257.3.6.53170409552171150458608250000334378031048,5
1.2.840.114257.3.6.53170409552171150458608250000334378031048,7
1.2.840.114257.3.6.53109608448171420458610658299983621263207,2
1.2.840.114257.3.6.53109608448171420458610658299983621263207,5
1.2.840.114257.3.6.53109608448171420458610658299983621263207,6
1.2.840.114257.3.6.53109608448171420458610658299983621263207,10
1.2.840.114257.3.6.53109608448171420458610658299983621263207,14
1.2.840.114257.3.6.53109608448171420458610658299983621263207,16
1.2.840.114257.3.6.53109608448171420458610658299983621263207,18
1.2.840.114257.3.6.53109608448171420458610658299983621263207,21
1.2.840.114257.3.6.53109608448171420458610658299983621263207,23
1.2.840.114257.3.6.53053702480492160458419773066785270621478,27
1.2.840.114257.3.6.53018208784547970458401620043752643733441,27
1.2.840.114257.3.6.53018208784547970458401620043752643733441,31
1.2.840.114257.3.6.52966342976375380458527772008694454024856,13
1.2.840.114257.3.6.52966342976375380458527772008694454024856,24
1.2.840.114257.3.6.52902120384072510458631606394710782516849,14
1.2.840.114257.3.6.52608842176034660458736905000022524101672,9
1.2.840.114257.3.6.52608842176034660458736905000022524101672,16
1.2.840.114257.3.6.52608842176034660458736905000022524101672,20
1.2.840.114257.3.6.52608842176034660458736905000022524101672,21
1.2.840.114257.3.6.52600835760508250458403362172235333818361,7
1.2.840.114257.3.6.52600835760508250458403362172235333818361,9
1.2.840.114257.3.6.52600835760508250458403362172235333818361,11
1.2.840.114257.3.6.52600835760508250458403362172235333818361,12
1.2.840.114257.3.6.52378411456633860458609145000582858035652,9
1.2.840.114257.3.6.52378411456633860458609145000582858035652,10
1.2.840.114257.3.6.52378411456633860458609145000582858035652,11
1.2.840.114257.3.6.52378411456633860458609145000582858035652,13
1.2.840.114257.3.6.52378411456633860458609145000582858035652,15
1.2.840.114257.3.6.52378411456633860458609145000582858035652,16
1.2.840.114257.3.6.52378411456633860458609145000582858035652,19
1.2.840.114257.3.6.52378411456633860458609145000582858035652,20
1.2.840.114257.3.6.52378411456633860458609145000582858035652,21
1.2.840.114257.3.6.52378411456633860458609145000582858035652,22
1.2.840.114257.3.6.52378411456633860458609145000582858035652,25
1.2.840.114257.3.6.52255860096192480458512453117780845700030,18
1.2.840.114257.3.6.52255860096192480458512453117780845700030,21
1.2.840.114257.3.6.52241915264593280458639514028160509506486,4
1.2.840.114257.3.6.52241915264593280458639514028160509506486,6
1.2.840.114257.3.6.52241915264593280458639514028160509506486,13
1.2.840.114257.3.6.52241915264593280458639514028160509506486,14
1.2.840.114257.3.6.52185820800637880458624108002455683609637,18
1.2.840.114257.3.6.52185820800637880458624108002455683609637,28
1.2.840.114257.3.6.52133629040146750458621726004164052458061,31
1.2.840.114257.3.6.52104105888434710458739244220802044801461,26
1.2.840.114257.3.6.52104105888434710458739244220802044801461,27
1.2.840.114257.3.6.52055538896489490458713095545372995057387,8
1.2.840.114257.3.6.52055538896489490458713095545372995057387,12
1.2.840.114257.3.6.52002444512478600458604867009406207614236,4
1.2.840.114257.3.6.51782847456553760458226634107353874711323,9
1.2.840.114257.3.6.51782847456553760458226634107353874711323,12
1.2.840.114257.3.6.51782847456553760458226634107353874711323,13
1.2.840.114257.3.6.51602754752024360458710163024613793525624,5
1.2.840.114257.3.6.51465450208000040458609613068360884107631,31
1.2.840.114257.3.6.51368930512136310458523981157721447305329,12
1.2.840.114257.3.6.51368930512136310458523981157721447305329,14
1.2.840.114257.3.6.51368930512136310458523981157721447305329,15
1.2.840.114257.3.6.51368930512136310458523981157721447305329,20
1.2.840.114257.3.6.51368930512136310458523981157721447305329,21
1.2.840.114257.3.6.51368930512136310458523981157721447305329,23
1.2.840.114257.3.6.51368930512136310458523981157721447305329,24
1.2.840.114257.3.6.51368930512136310458523981157721447305329,27
1.2.840.114257.3.6.51280449008548400458539499000570550741975,25
1.2.840.114257.3.6.51217632032411550458413605530774475848692,18
1.2.840.114257.3.6.51217632032411550458413605530774475848692,30
1.2.840.114257.3.6.51136147520608420458418109014531032545542,17
1.2.840.114257.3.6.51082040640575060458631942067254713711012,33
1.2.840.114257.3.6.51030023216322340458722661093713009721231,21
1.2.840.114257.3.6.50846748016512340458564788000773887629407,23
1.2.840.114257.3.6.50846748016512340458564788000773887629407,28
1.2.840.114257.3.6.50744944368589490458630224077462470606792,14
1.2.840.114257.3.6.50688552208041690458505823370801874463917,33
1.2.840.114257.3.6.50688552208041690458505823370801874463917,34
1.2.840.114257.3.6.50688552208041690458505823370801874463917,35
1.2.840.114257.3.6.50633841488458410458534421201235612615172,27
1.2.840.114257.3.6.50608200864157200458613731265155683142209,2
1.2.840.114257.3.6.50608200864157200458613731265155683142209,7
1.2.840.114257.3.6.50608200864157200458613731265155683142209,13
1.2.840.114257.3.6.50608200864157200458613731265155683142209,14
1.2.840.114257.3.6.50608200864157200458613731265155683142209,15
1.2.840.114257.3.6.50608200864157200458613731265155683142209,17
1.2.840.114257.3.6.50608200864157200458613731265155683142209,18
1.2.840.114257.3.6.50608200864157200458613731265155683142209,20
1.2.840.114257.3.6.50608200864157200458613731265155683142209,21
1.2.840.114257.3.6.50607150816478200458545432379842013517999,4
1.2.840.114257.3.6.50607150816478200458545432379842013517999,10
1.2.840.114257.3.6.50577018208373840458547154400841660112195,28
1.2.840.114257.3.6.50557612800055610458537836288626240528303,20
1.2.840.114257.3.6.50523904864281970458763410063590845131605,31
1.2.840.114257.3.6.50454800224363400458523181114913049415301,26
1.2.840.114257.3.6.50454800224363400458523181114913049415301,32
1.2.840.114257.3.6.50393852896601180458550414011564802433888,19
1.2.840.114257.3.6.50393852896601180458550414011564802433888,22
1.2.840.114257.3.6.50350640096653050458561096025343672918645,20
1.2.840.114257.3.6.50105120000093140458755220000565804910974,2
1.2.840.114257.3.6.50105120000093140458755220000565804910974,20
1.2.840.114257.3.6.50105120000093140458755220000565804910974,24
1.2.840.114257.3.6.46484714832211220458629840002251729009518,7
1.2.840.114257.3.6.46484714832211220458629840002251729009518,16
1.2.840.114257.3.6.46456820864484300458532076173522970615131,19
1.2.840.114257.3.6.46456820864484300458532076173522970615131,21
1.2.840.114257.3.6.46456820864484300458532076173522970615131,26
1.2.840.114257.3.6.46227316016129490458432549170715575364380,30
1.2.840.114257.3.6.46227316016129490458432549170715575364380,31
1.2.840.114257.3.6.45967522544016270458620872158685488633286,27
1.2.840.114257.3.6.45749754448152120458510474076476156702067,31
1.2.840.114257.3.6.45749754448152120458510474076476156702067,32
1.2.840.114257.3.6.45749754448152120458510474076476156702067,33
1.2.840.114257.3.6.45691522928202440458545096047814372955366,29
1.2.840.114257.3.6.45583342640082730458659149003963407849558,31
1.2.840.114257.3.6.45556012752376330458719320128553762623879,11
1.2.840.114257.3.6.45556012752376330458719320128553762623879,15
1.2.840.114257.3.6.45556012752376330458719320128553762623879,16
1.2.840.114257.3.6.45462942368419800458564295353094928530928,26
1.2.840.114257.3.6.45114606976462490458628652001895137460527,27
1.2.840.114257.3.6.44898834320343740458502849186554706416412,32
1.2.840.114257.3.6.44898834320343740458502849186554706416412,33
1.2.840.114257.3.6.44897151248525560458707742265734813727999,28
1.2.840.114257.3.6.44887718160237490458604218424094903763435,27
1.2.840.114257.3.6.44878953984069990458532650058460762247219,26
1.2.840.114257.3.6.44795032336323110458528691023000769028343,27
1.2.840.114257.3.6.44730005408126680458608532001754727118778,17
1.2.840.114257.3.6.44730005408126680458608532001754727118778,21
1.2.840.114257.3.6.44602042592608410458416129014500456822239,10
1.2.840.114257.3.6.44602042592608410458416129014500456822239,15
1.2.840.114257.3.6.44602042592608410458416129014500456822239,17
1.2.840.114257.3.6.44542263104548760458510673003090167520133,10
1.2.840.114257.3.6.44494444224365790458527818043675158300381,22
1.2.840.114257.3.6.44408615360155770458415369063306480758345,10
1.2.840.114257.3.6.44408615360155770458415369063306480758345,16
1.2.840.114257.3.6.44396150784530970458542694001782695146787,21
1.2.840.114257.3.6.44396150784530970458542694001782695146787,25
1.2.840.114257.3.6.44246562880457820458556017415654255013610,3
1.2.840.114257.3.6.44246562880457820458556017415654255013610,7
1.2.840.114257.3.6.44246562880457820458556017415654255013610,9
1.2.840.114257.3.6.44246562880457820458556017415654255013610,10
1.2.840.114257.3.6.44246562880457820458556017415654255013610,13
1.2.840.114257.3.6.44246562880457820458556017415654255013610,18
1.2.840.114257.3.6.44246562880457820458556017415654255013610,19
1.2.840.114257.3.6.44232536624080860458758591011853888316825,2
1.2.840.114257.3.6.44232536624080860458758591011853888316825,4
1.2.840.114257.3.6.44232536624080860458758591011853888316825,5
1.2.840.114257.3.6.44201125696053750458519632394491249205487,28
1.2.840.114257.3.6.44201125696053750458519632394491249205487,30
1.2.840.114257.3.6.44115730192120380458510313016132132647786,20
1.2.840.114257.3.6.44073508016633850458608190000533784655254,28
1.2.840.114257.3.6.44010707680134490458626015023186161436947,6
1.2.840.114257.3.6.44010707680134490458626015023186161436947,7
1.2.840.114257.3.6.44010707680134490458626015023186161436947,12
1.2.840.114257.3.6.44010707680134490458626015023186161436947,14
1.2.840.114257.3.6.43979516896359310458522101028312005628544,15
1.2.840.114257.3.6.43975147104002340458307167314701931437134,17
1.2.840.114257.3.6.43975147104002340458307167314701931437134,22
1.2.840.114257.3.6.43975147104002340458307167314701931437134,28
1.2.840.114257.3.6.43966053600232530458415279241540032750839,1
1.2.840.114257.3.6.43966053600232530458415279241540032750839,2
1.2.840.114257.3.6.43966053600232530458415279241540032750839,3
1.2.840.114257.3.6.43876842464377020458346654358541238101196,7
1.2.840.114257.3.6.43876842464377020458346654358541238101196,12
1.2.840.114257.3.6.43876842464377020458346654358541238101196,15
1.2.840.114257.3.6.43833557504204680458528666077275671825467,9
1.2.840.114257.3.6.43833557504204680458528666077275671825467,13
1.2.840.114257.3.6.43833557504204680458528666077275671825467,15
1.2.840.114257.3.6.43704050160152770458520394038733912416667,21
1.2.840.114257.3.6.43704050160152770458520394038733912416667,23
1.2.840.114257.3.6.43669632784174620458556600081643306405734,11
1.2.840.114257.3.6.43669632784174620458556600081643306405734,16
1.2.840.114257.3.6.43669632784174620458556600081643306405734,18
1.2.840.114257.3.6.43669632784174620458556600081643306405734,23
1.2.840.114257.3.6.43669632784174620458556600081643306405734,24
1.2.840.114257.3.6.43669632784174620458556600081643306405734,28
1.2.840.114257.3.6.43669632784174620458556600081643306405734,31
1.2.840.114257.3.6.43651716704217200458661428024760928505756,9
1.2.840.114257.3.6.43651716704217200458661428024760928505756,11
1.2.840.114257.3.6.43651716704217200458661428024760928505756,15
1.2.840.114257.3.6.43651716704217200458661428024760928505756,16
1.2.840.114257.3.6.43651716704217200458661428024760928505756,20
1.2.840.114257.3.6.43651716704217200458661428024760928505756,21
1.2.840.114257.3.6.43651716704217200458661428024760928505756,27
1.2.840.114257.3.6.43651716704217200458661428024760928505756,30
1.2.840.114257.3.6.43488656160000300458621244042611507245976,2
1.2.840.114257.3.6.43488656160000300458621244042611507245976,3
1.2.840.114257.3.6.43488656160000300458621244042611507245976,4
1.2.840.114257.3.6.43488656160000300458621244042611507245976,5
1.2.840.114257.3.6.43488656160000300458621244042611507245976,9
1.2.840.114257.3.6.43488656160000300458621244042611507245976,11
1.2.840.114257.3.6.43488656160000300458621244042611507245976,12
1.2.840.114257.3.6.43470339168279740458719371280084643164082,11
1.2.840.114257.3.6.43470339168279740458719371280084643164082,16
1.2.840.114257.3.6.43386261792193550458302415172704745100002,33
1.2.840.114257.3.6.43154349392136120458527348026125785015484,26
1.2.840.114257.3.6.43084104768651240458419190002384401203690,12
1.2.840.114257.3.6.43084104768651240458419190002384401203690,18
1.2.840.114257.3.6.43084104768651240458419190002384401203690,22
1.2.840.114257.3.6.42981218176248790458506725197884274159094,6
1.2.840.114257.3.6.42981218176248790458506725197884274159094,12
1.2.840.114257.3.6.42981218176248790458506725197884274159094,13
1.2.840.114257.3.6.42981218176248790458506725197884274159094,19
1.2.840.114257.3.6.42981218176248790458506725197884274159094,20
1.2.840.114257.3.6.42981218176248790458506725197884274159094,24
1.2.840.114257.3.6.42828755728542670458511417053951269714863,23
1.2.840.114257.3.6.42828755728542670458511417053951269714863,25
1.2.840.114257.3.6.42782034864305480458534018425664055418985,29
1.2.840.114257.3.6.42752461392450990458231586001111750407249,7
1.2.840.114257.3.6.42752461392450990458231586001111750407249,10
1.2.840.114257.3.6.42752461392450990458231586001111750407249,15
1.2.840.114257.3.6.42752461392450990458231586001111750407249,16
1.2.840.114257.3.6.42610661424124370458545293369441312611529,30
1.2.840.114257.3.6.42490418288330960458455183117571059330859,2
1.2.840.114257.3.6.42490418288330960458455183117571059330859,4
1.2.840.114257.3.6.42490418288330960458455183117571059330859,8
1.2.840.114257.3.6.42490418288330960458455183117571059330859,11
1.2.840.114257.3.6.42490418288330960458455183117571059330859,16
1.2.840.114257.3.6.42490418288330960458455183117571059330859,17
1.2.840.114257.3.6.42490418288330960458455183117571059330859,23
1.2.840.114257.3.6.42490418288330960458455183117571059330859,24
1.2.840.114257.3.6.42490418288330960458455183117571059330859,25
1.2.840.114257.3.6.42490418288330960458455183117571059330859,27
1.2.840.114257.3.6.42490418288330960458455183117571059330859,28
1.2.840.114257.3.6.42484534480646380458429162000095045022478,22
1.2.840.114257.3.6.42484534480646380458429162000095045022478,26
1.2.840.114257.3.6.42484141696001840458657765009225388531235,2
1.2.840.114257.3.6.42484141696001840458657765009225388531235,17
1.2.840.114257.3.6.42417517792304280458745595081165122140875,25
1.2.840.114257.3.6.42340933120289130458518010078215378901807,10
1.2.840.114257.3.6.42340933120289130458518010078215378901807,17
1.2.840.114257.3.6.42340933120289130458518010078215378901807,18
1.2.840.114257.3.6.42340933120289130458518010078215378901807,21
1.2.840.114257.3.6.42293502944304060458701647000033354014254,22
1.2.840.114257.3.6.42293502944304060458701647000033354014254,25
1.2.840.114257.3.6.42293502944304060458701647000033354014254,27
1.2.840.114257.3.6.42293502944304060458701647000033354014254,28
1.2.840.114257.3.6.42202843296624390458416489000043865230631,22
1.2.840.114257.3.6.42202843296624390458416489000043865230631,25
1.2.840.114257.3.6.42163517360568430458434970079005390000187,23
1.2.840.114257.3.6.42074248480347750458531863013734965162558,33
1.2.840.114257.3.6.42055325408265060458518995381733909312850,18
1.2.840.114257.3.6.42055325408265060458518995381733909312850,24
1.2.840.114257.3.6.42055325408265060458518995381733909312850,25
1.2.840.114257.3.6.42027417936062020458556639144385613761776,14
1.2.840.114257.3.6.42027417936062020458556639144385613761776,26
1.2.840.114257.3.6.42027417936062020458556639144385613761776,28
1.2.840.114257.3.6.42020915936499920458543289063733391736421,30
1.2.840.114257.3.6.41778438288575690458662872004093822856230,15
1.2.840.114257.3.6.41778438288575690458662872004093822856230,16
1.2.840.114257.3.6.41778438288575690458662872004093822856230,17
1.2.840.114257.3.6.41778438288575690458662872004093822856230,19
1.2.840.114257.3.6.41778438288575690458662872004093822856230,20
1.2.840.114257.3.6.41778438288575690458662872004093822856230,22
1.2.840.114257.3.6.41778438288575690458662872004093822856230,25
1.2.840.114257.3.6.41778438288575690458662872004093822856230,26
1.2.840.114257.3.6.41765225616177270458721502000865338548705,11
1.2.840.114257.3.6.41765225616177270458721502000865338548705,15
1.2.840.114257.3.6.41765225616177270458721502000865338548705,21
1.2.840.114257.3.6.41765225616177270458721502000865338548705,22
1.2.840.114257.3.6.41765225616177270458721502000865338548705,23
1.2.840.114257.3.6.41765225616177270458721502000865338548705,27
1.2.840.114257.3.6.41750234176431250458406441064932382612248,10
1.2.840.114257.3.6.41750234176431250458406441064932382612248,11
1.2.840.114257.3.6.41750234176431250458406441064932382612248,16
1.2.840.114257.3.6.41750234176431250458406441064932382612248,18
1.2.840.114257.3.6.41750234176431250458406441064932382612248,20
1.2.840.114257.3.6.41750234176431250458406441064932382612248,22
1.2.840.114257.3.6.41750234176431250458406441064932382612248,25
1.2.840.114257.3.6.41750234176431250458406441064932382612248,26
1.2.840.114257.3.6.41750234176431250458406441064932382612248,27
1.2.840.114257.3.6.41750234176431250458406441064932382612248,30
1.2.840.114257.3.6.41727563840450450458252407000073410143102,6
1.2.840.114257.3.6.41727563840450450458252407000073410143102,11
1.2.840.114257.3.6.41727563840450450458252407000073410143102,13
1.2.840.114257.3.6.41727563840450450458252407000073410143102,15
1.2.840.114257.3.6.41727563840450450458252407000073410143102,16
1.2.840.114257.3.6.41727563840450450458252407000073410143102,18
1.2.840.114257.3.6.41676110624116850458750609001411575257869,22
1.2.840.114257.3.6.41676110624116850458750609001411575257869,29
1.2.840.114257.3.6.41602828544554900458558068157161781707458,10
1.2.840.114257.3.6.41602828544554900458558068157161781707458,12
1.2.840.114257.3.6.41602828544554900458558068157161781707458,15
1.2.840.114257.3.6.41602828544554900458558068157161781707458,16
1.2.840.114257.3.6.41602828544554900458558068157161781707458,17
1.2.840.114257.3.6.41602828544554900458558068157161781707458,19
1.2.840.114257.3.6.41601613808155120458626795186110339913236,6
1.2.840.114257.3.6.41601613808155120458626795186110339913236,10
1.2.840.114257.3.6.41601613808155120458626795186110339913236,12
1.2.840.114257.3.6.41579611744621020458500185000362204316910,14
1.2.840.114257.3.6.41579611744621020458500185000362204316910,20
1.2.840.114257.3.6.41575552352244850458503086000640196629131,2
1.2.840.114257.3.6.41575552352244850458503086000640196629131,12
1.2.840.114257.3.6.41544030464197420458629433012685655510292,16
1.2.840.114257.3.6.41544030464197420458629433012685655510292,25
1.2.840.114257.3.6.41544030464197420458629433012685655510292,26
1.2.840.114257.3.6.41544030464197420458629433012685655510292,27
1.2.840.114257.3.6.41512625936151480458726344317794837702553,24
1.2.840.114257.3.6.41454604560458200458644122021760671043455,18
1.2.840.114257.3.6.41454604560458200458644122021760671043455,25
1.2.840.114257.3.6.41438744560365110458429920060151548608568,27
1.2.840.114257.3.6.41431921664335640458517916000060575208368,25
1.2.840.114257.3.6.41431921664335640458517916000060575208368,29
1.2.840.114257.3.6.41424214208412850458763681081324595110850,8
1.2.840.114257.3.6.41424214208412850458763681081324595110850,11
1.2.840.114257.3.6.41424214208412850458763681081324595110850,14
1.2.840.114257.3.6.41424214208412850458763681081324595110850,15
1.2.840.114257.3.6.41424214208412850458763681081324595110850,17
1.2.840.114257.3.6.41424214208412850458763681081324595110850,23
1.2.840.114257.3.6.41424214208412850458763681081324595110850,26
1.2.840.114257.3.6.41391318352136820458515115148422503830245,12
1.2.840.114257.3.6.41275951760178480458528493023431296327342,31
1.2.840.114257.3.6.41113060624540280458545043082431119509032,19
1.2.840.114257.3.6.41113060624540280458545043082431119509032,20
1.2.840.114257.3.6.41113060624540280458545043082431119509032,27
1.2.840.114257.3.6.40757204160241480458260684181083322111026,27
1.2.840.114257.3.6.40591155056203680458701607000406488832443,18
1.2.840.114257.3.6.40591155056203680458701607000406488832443,21
1.2.840.114257.3.6.40444810192143150458225667000072921904576,9
1.2.840.114257.3.6.40444810192143150458225667000072921904576,31
1.2.840.114257.3.6.40417410688402680458715127209255136823615,13
1.2.840.114257.3.6.40417410688402680458715127209255136823615,16
1.2.840.114257.3.6.40417410688402680458715127209255136823615,20
1.2.840.114257.3.6.40375062000611270458504889012370960802841,24
1.2.840.114257.3.6.40051438656549360458112783265835124800739,1
1.2.840.114257.3.6.40030250912285760458714787000022773715614,11
1.2.840.114257.3.6.40030250912285760458714787000022773715614,23
1.2.840.114257.3.6.40030250912285760458714787000022773715614,24
1.2.840.114257.3.6.36542414208639340458614893127243295106737,2
1.2.840.114257.3.6.36542414208639340458614893127243295106737,31
1.2.840.114257.3.6.36451355472428450458226960167485772831953,4
1.2.840.114257.3.6.36451355472428450458226960167485772831953,7
1.2.840.114257.3.6.36451355472428450458226960167485772831953,8
1.2.840.114257.3.6.36433226000475900458534288315920081928795,20
1.2.840.114257.3.6.36430303760086580458609083068962627557972,9
1.2.840.114257.3.6.36430303760086580458609083068962627557972,10
1.2.840.114257.3.6.36395348656605320458616991000300073260022,29
1.2.840.114257.3.6.36271956432239700458651744003045470061825,21
1.2.840.114257.3.6.36271956432239700458651744003045470061825,26
1.2.840.114257.3.6.36255751184025750458633734092274600253806,20
1.2.840.114257.3.6.36255751184025750458633734092274600253806,23
1.2.840.114257.3.6.36255751184025750458633734092274600253806,24
1.2.840.114257.3.6.36174029584184720458603665250750444006617,12
1.2.840.114257.3.6.36174029584184720458603665250750444006617,14
1.2.840.114257.3.6.36147926752429620458440679584060933818910,3
1.2.840.114257.3.6.36147926752429620458440679584060933818910,5
1.2.840.114257.3.6.36147926752429620458440679584060933818910,15
1.2.840.114257.3.6.36147926752429620458440679584060933818910,19
1.2.840.114257.3.6.36147926752429620458440679584060933818910,24
1.2.840.114257.3.6.36147926752429620458440679584060933818910,28
1.2.840.114257.3.6.35992160288209020458652065089005960003336,3
1.2.840.114257.3.6.35992160288209020458652065089005960003336,10
1.2.840.114257.3.6.35992160288209020458652065089005960003336,12
1.2.840.114257.3.6.35992160288209020458652065089005960003336,13
1.2.840.114257.3.6.35992160288209020458652065089005960003336,15
1.2.840.114257.3.6.35992160288209020458652065089005960003336,16
1.2.840.114257.3.6.35992160288209020458652065089005960003336,18
1.2.840.114257.3.6.35961812544125860458405640146924158703803,20
